"sep=,"
FILENAME,CONSTANTS
/Users/tassiovale/Dropbox/PhD Thesis/preprocessor systems/projects/cherokee-1.2.103/_cppstats_featurelocations/access.c.xml,AF_INET6;HAVE_ARPA_INET_H;HAVE_INET_PTON;HAVE_IPV6;HAVE_NETINET_IN_H;HAVE_SYS_SOCKET_H;HAVE_SYS_TYPES_H
/Users/tassiovale/Dropbox/PhD Thesis/preprocessor systems/projects/cherokee-1.2.103/_cppstats_featurelocations/access.h.xml,CHEROKEE_ACCESS_H
/Users/tassiovale/Dropbox/PhD Thesis/preprocessor systems/projects/cherokee-1.2.103/_cppstats_featurelocations/admin_request.c.xml,
/Users/tassiovale/Dropbox/PhD Thesis/preprocessor systems/projects/cherokee-1.2.103/_cppstats_featurelocations/admin_request.h.xml,CHEROKEE_ADMIN_REQ_H;CHEROKEE_COMPILATION;CHEROKEE_INSIDE_CHEROKEE_H
/Users/tassiovale/Dropbox/PhD Thesis/preprocessor systems/projects/cherokee-1.2.103/_cppstats_featurelocations/admin_server.c.xml,
/Users/tassiovale/Dropbox/PhD Thesis/preprocessor systems/projects/cherokee-1.2.103/_cppstats_featurelocations/admin_server.h.xml,CHEROKEE_ADMIN_SERVER_H
/Users/tassiovale/Dropbox/PhD Thesis/preprocessor systems/projects/cherokee-1.2.103/_cppstats_featurelocations/avl.c.xml,
/Users/tassiovale/Dropbox/PhD Thesis/preprocessor systems/projects/cherokee-1.2.103/_cppstats_featurelocations/avl.h.xml,CHEROKEE_AVL_H;CHEROKEE_COMPILATION;CHEROKEE_INSIDE_CHEROKEE_H
/Users/tassiovale/Dropbox/PhD Thesis/preprocessor systems/projects/cherokee-1.2.103/_cppstats_featurelocations/avl_flcache.c.xml,
/Users/tassiovale/Dropbox/PhD Thesis/preprocessor systems/projects/cherokee-1.2.103/_cppstats_featurelocations/avl_flcache.h.xml,CHEROKEE_COMPILATION;CHEROKEE_FLCACHE_AVL_H;CHEROKEE_INSIDE_CHEROKEE_H
/Users/tassiovale/Dropbox/PhD Thesis/preprocessor systems/projects/cherokee-1.2.103/_cppstats_featurelocations/avl_generic.c.xml,
/Users/tassiovale/Dropbox/PhD Thesis/preprocessor systems/projects/cherokee-1.2.103/_cppstats_featurelocations/avl_generic.h.xml,CHEROKEE_AVL_GENERIC_H;CHEROKEE_COMPILATION;CHEROKEE_INSIDE_CHEROKEE_H
/Users/tassiovale/Dropbox/PhD Thesis/preprocessor systems/projects/cherokee-1.2.103/_cppstats_featurelocations/avl_r.c.xml,
/Users/tassiovale/Dropbox/PhD Thesis/preprocessor systems/projects/cherokee-1.2.103/_cppstats_featurelocations/avl_r.h.xml,CHEROKEE_AVL_R_H;CHEROKEE_COMPILATION;CHEROKEE_INSIDE_CHEROKEE_H
/Users/tassiovale/Dropbox/PhD Thesis/preprocessor systems/projects/cherokee-1.2.103/_cppstats_featurelocations/balancer.c.xml,
/Users/tassiovale/Dropbox/PhD Thesis/preprocessor systems/projects/cherokee-1.2.103/_cppstats_featurelocations/balancer.h.xml,CHEROKEE_BALANCER_H;CHEROKEE_COMPILATION;CHEROKEE_INSIDE_CHEROKEE_H
/Users/tassiovale/Dropbox/PhD Thesis/preprocessor systems/projects/cherokee-1.2.103/_cppstats_featurelocations/balancer_failover.c.xml,
/Users/tassiovale/Dropbox/PhD Thesis/preprocessor systems/projects/cherokee-1.2.103/_cppstats_featurelocations/balancer_failover.h.xml,CHEROKEE_BALANCER_FAILOVER_H
/Users/tassiovale/Dropbox/PhD Thesis/preprocessor systems/projects/cherokee-1.2.103/_cppstats_featurelocations/balancer_ip_hash.c.xml,HAVE_IPV6
/Users/tassiovale/Dropbox/PhD Thesis/preprocessor systems/projects/cherokee-1.2.103/_cppstats_featurelocations/balancer_ip_hash.h.xml,CHEROKEE_BALANCER_IP_HASH_H
/Users/tassiovale/Dropbox/PhD Thesis/preprocessor systems/projects/cherokee-1.2.103/_cppstats_featurelocations/balancer_round_robin.c.xml,
/Users/tassiovale/Dropbox/PhD Thesis/preprocessor systems/projects/cherokee-1.2.103/_cppstats_featurelocations/balancer_round_robin.h.xml,CHEROKEE_BALANCER_ROUND_ROBIN_H
/Users/tassiovale/Dropbox/PhD Thesis/preprocessor systems/projects/cherokee-1.2.103/_cppstats_featurelocations/bind.c.xml,HAVE_IPV6;SO_ACCEPTFILTER;TCP_DEFER_ACCEPT;TCP_MAXSEG
/Users/tassiovale/Dropbox/PhD Thesis/preprocessor systems/projects/cherokee-1.2.103/_cppstats_featurelocations/bind.h.xml,CHEROKEE_BIND_H
/Users/tassiovale/Dropbox/PhD Thesis/preprocessor systems/projects/cherokee-1.2.103/_cppstats_featurelocations/bogotime.c.xml,
/Users/tassiovale/Dropbox/PhD Thesis/preprocessor systems/projects/cherokee-1.2.103/_cppstats_featurelocations/bogotime.h.xml,CHEROKEE_BOGOTIME_H;HAVE_SYS_TIME_H
/Users/tassiovale/Dropbox/PhD Thesis/preprocessor systems/projects/cherokee-1.2.103/_cppstats_featurelocations/buffer.c.xml,EAGAIN;EWOULDBLOCK
/Users/tassiovale/Dropbox/PhD Thesis/preprocessor systems/projects/cherokee-1.2.103/_cppstats_featurelocations/buffer.h.xml,CHEROKEE_BUFFER_H;CHEROKEE_COMPILATION;CHEROKEE_INSIDE_CHEROKEE_H
/Users/tassiovale/Dropbox/PhD Thesis/preprocessor systems/projects/cherokee-1.2.103/_cppstats_featurelocations/cache.c.xml,HAVE_PTHREAD;TRACE_ENABLED
/Users/tassiovale/Dropbox/PhD Thesis/preprocessor systems/projects/cherokee-1.2.103/_cppstats_featurelocations/cache.h.xml,CHEROKEE_CACHE_H;CHEROKEE_COMPILATION;CHEROKEE_INSIDE_CHEROKEE_H
/Users/tassiovale/Dropbox/PhD Thesis/preprocessor systems/projects/cherokee-1.2.103/_cppstats_featurelocations/cacheline.c.xml,__GNUC__;__INTEL_COMPILER;__amd64__;__i386__
/Users/tassiovale/Dropbox/PhD Thesis/preprocessor systems/projects/cherokee-1.2.103/_cppstats_featurelocations/cacheline.h.xml,CHEROKEE_CACHELINE_H;CHEROKEE_COMPILATION;CHEROKEE_INSIDE_CHEROKEE_H
/Users/tassiovale/Dropbox/PhD Thesis/preprocessor systems/projects/cherokee-1.2.103/_cppstats_featurelocations/cherokee.h.xml,CHEROKEE_H
/Users/tassiovale/Dropbox/PhD Thesis/preprocessor systems/projects/cherokee-1.2.103/_cppstats_featurelocations/cherokee_show.c.xml,HAVE_CONFIG_H
/Users/tassiovale/Dropbox/PhD Thesis/preprocessor systems/projects/cherokee-1.2.103/_cppstats_featurelocations/collector.c.xml,
/Users/tassiovale/Dropbox/PhD Thesis/preprocessor systems/projects/cherokee-1.2.103/_cppstats_featurelocations/collector.h.xml,CHEROKEE_COLLECTOR_H;CHEROKEE_COMPILATION;CHEROKEE_INSIDE_CHEROKEE_H
/Users/tassiovale/Dropbox/PhD Thesis/preprocessor systems/projects/cherokee-1.2.103/_cppstats_featurelocations/collector_rrd.c.xml,HAVE_SYS_WAIT_H
/Users/tassiovale/Dropbox/PhD Thesis/preprocessor systems/projects/cherokee-1.2.103/_cppstats_featurelocations/collector_rrd.h.xml,CHEROKEE_COLLECTOR_RRD_H
/Users/tassiovale/Dropbox/PhD Thesis/preprocessor systems/projects/cherokee-1.2.103/_cppstats_featurelocations/common-internal.h.xml,BIG_ENDIAN;BYTE_ORDER;CHEROKEE_COMMON_INTERNAL_H;HAVE_DLFCN_H;HAVE_ENDIAN_H;HAVE_FCNTL_H;HAVE_INLINE;HAVE_INTTYPES_H;HAVE_MACHINE_ENDIAN_H;HAVE_PTHREAD;HAVE_SCHED_H;HAVE_SCHED_YIELD;HAVE_STDINT_H;HAVE_STRCASESTR;HAVE_STRSEP;HAVE_SYS_ENDIAN_H;HAVE_SYS_FCNTL_H;HAVE_SYS_ISA_DEFS_H;HAVE_SYS_MACHINE_H;HAVE_SYS_VARARGS;INT_MAX;LITTLE_ENDIAN;LONG_MAX;NORETURN;O_BINARY;O_LARGEFILE;O_NOFOLLOW;PDP_ENDIAN;SEM_A;SEM_R;SIZEOF_INT;SIZEOF_LONG;SIZEOF_TIME_T;S_ISLNK;TIME_MAX;WORDS_BIGENDIAN;__GNUC__
/Users/tassiovale/Dropbox/PhD Thesis/preprocessor systems/projects/cherokee-1.2.103/_cppstats_featurelocations/common.h.xml,CHEROKEE_COMMON_H;CHEROKEE_COMPILATION;CHEROKEE_INSIDE_CHEROKEE_H
/Users/tassiovale/Dropbox/PhD Thesis/preprocessor systems/projects/cherokee-1.2.103/_cppstats_featurelocations/config_entry.c.xml,
/Users/tassiovale/Dropbox/PhD Thesis/preprocessor systems/projects/cherokee-1.2.103/_cppstats_featurelocations/config_entry.h.xml,CHEROKEE_COMPILATION;CHEROKEE_CONFIG_ENTRY_H;CHEROKEE_INSIDE_CHEROKEE_H
/Users/tassiovale/Dropbox/PhD Thesis/preprocessor systems/projects/cherokee-1.2.103/_cppstats_featurelocations/config_node.c.xml,
/Users/tassiovale/Dropbox/PhD Thesis/preprocessor systems/projects/cherokee-1.2.103/_cppstats_featurelocations/config_node.h.xml,CHEROKEE_COMPILATION;CHEROKEE_CONFIG_NODE_H;CHEROKEE_INSIDE_CHEROKEE_H
/Users/tassiovale/Dropbox/PhD Thesis/preprocessor systems/projects/cherokee-1.2.103/_cppstats_featurelocations/config_reader.c.xml,
/Users/tassiovale/Dropbox/PhD Thesis/preprocessor systems/projects/cherokee-1.2.103/_cppstats_featurelocations/config_reader.h.xml,CHEROKEE_COMPILATION;CHEROKEE_CONFIG_READER_H;CHEROKEE_INSIDE_CHEROKEE_H
/Users/tassiovale/Dropbox/PhD Thesis/preprocessor systems/projects/cherokee-1.2.103/_cppstats_featurelocations/connection-protected.h.xml,CHEROKEE_CONNECTION_PROTECTED_H;HAVE_ARPA_INET_H;HAVE_NETINET_IN_H;HAVE_SYS_SOCKET_H;HAVE_SYS_TIME_H;HAVE_SYS_TYPES_H;HAVE_SYS_UIO_H
/Users/tassiovale/Dropbox/PhD Thesis/preprocessor systems/projects/cherokee-1.2.103/_cppstats_featurelocations/connection.c.xml,HAVE_ARPA_INET_H;HAVE_NETINET_IN_H;HAVE_NETINET_TCP_H;HAVE_PWD_H;HAVE_STRINGS_H;HAVE_SYS_SOCKET_H;HAVE_SYS_UIO_H;TRACE_ENABLED
/Users/tassiovale/Dropbox/PhD Thesis/preprocessor systems/projects/cherokee-1.2.103/_cppstats_featurelocations/connection.h.xml,CHEROKEE_COMPILATION;CHEROKEE_CONNECTION_H;CHEROKEE_INSIDE_CHEROKEE_H
/Users/tassiovale/Dropbox/PhD Thesis/preprocessor systems/projects/cherokee-1.2.103/_cppstats_featurelocations/connection_info.c.xml,
/Users/tassiovale/Dropbox/PhD Thesis/preprocessor systems/projects/cherokee-1.2.103/_cppstats_featurelocations/connection_info.h.xml,CHEROKEE_COMPILATION;CHEROKEE_CONNECTION_INFO_H;CHEROKEE_INSIDE_CHEROKEE_H
/Users/tassiovale/Dropbox/PhD Thesis/preprocessor systems/projects/cherokee-1.2.103/_cppstats_featurelocations/crc32.c.xml,
/Users/tassiovale/Dropbox/PhD Thesis/preprocessor systems/projects/cherokee-1.2.103/_cppstats_featurelocations/crc32.h.xml,_CRC32_H
/Users/tassiovale/Dropbox/PhD Thesis/preprocessor systems/projects/cherokee-1.2.103/_cppstats_featurelocations/cryptor.c.xml,
/Users/tassiovale/Dropbox/PhD Thesis/preprocessor systems/projects/cherokee-1.2.103/_cppstats_featurelocations/cryptor.h.xml,CHEROKEE_COMPILATION;CHEROKEE_CRYPTOR_H;CHEROKEE_INSIDE_CHEROKEE_H
/Users/tassiovale/Dropbox/PhD Thesis/preprocessor systems/projects/cherokee-1.2.103/_cppstats_featurelocations/cryptor_libssl.c.xml,ENOTCONN;HAVE_OPENSSL_ENGINE_H;OPENSSL_NO_COMP;OPENSSL_NO_EC;OPENSSL_NO_TLSEXT;OPENSSL_VERSION_NUMBER;SSL_OP_CIPHER_SERVER_PREFERENCE;SSL_OP_DONT_INSERT_EMPTY_FRAGMENTS;SSL_OP_NO_COMPRESSION;SSL_OP_SINGLE_ECDH_USE;TRACE_ENABLED
/Users/tassiovale/Dropbox/PhD Thesis/preprocessor systems/projects/cherokee-1.2.103/_cppstats_featurelocations/cryptor_libssl.h.xml,CHEROKEE_CRYPTOR_LIBSSL_H;HAVE_OPENSSL_ENGINE_H;OPENSSL_NO_TLSEXT;SSL_CTRL_SET_TLSEXT_HOSTNAME
/Users/tassiovale/Dropbox/PhD Thesis/preprocessor systems/projects/cherokee-1.2.103/_cppstats_featurelocations/cryptor_libssl_compat.h.xml,OPENSSL_VERSION_NUMBER
/Users/tassiovale/Dropbox/PhD Thesis/preprocessor systems/projects/cherokee-1.2.103/_cppstats_featurelocations/cryptor_libssl_dh_1024.c.xml,HEADER_DH_H
/Users/tassiovale/Dropbox/PhD Thesis/preprocessor systems/projects/cherokee-1.2.103/_cppstats_featurelocations/cryptor_libssl_dh_2048.c.xml,HEADER_DH_H
/Users/tassiovale/Dropbox/PhD Thesis/preprocessor systems/projects/cherokee-1.2.103/_cppstats_featurelocations/cryptor_libssl_dh_4096.c.xml,HEADER_DH_H
/Users/tassiovale/Dropbox/PhD Thesis/preprocessor systems/projects/cherokee-1.2.103/_cppstats_featurelocations/cryptor_libssl_dh_512.c.xml,HEADER_DH_H
/Users/tassiovale/Dropbox/PhD Thesis/preprocessor systems/projects/cherokee-1.2.103/_cppstats_featurelocations/downloader-protected.h.xml,CHEROKEE_DOWNLOADER_PROTECTED_H
/Users/tassiovale/Dropbox/PhD Thesis/preprocessor systems/projects/cherokee-1.2.103/_cppstats_featurelocations/downloader.c.xml,HAVE_SYS_FILIO_H;HAVE_SYS_IOCTL_H;HAVE_SYS_SOCKIO_H;TRACE_ENABLED
/Users/tassiovale/Dropbox/PhD Thesis/preprocessor systems/projects/cherokee-1.2.103/_cppstats_featurelocations/downloader.h.xml,CHEROKEE_COMPILATION;CHEROKEE_DOWNLOADER_H;CHEROKEE_INSIDE_CHEROKEE_H
/Users/tassiovale/Dropbox/PhD Thesis/preprocessor systems/projects/cherokee-1.2.103/_cppstats_featurelocations/downloader_async.c.xml,
/Users/tassiovale/Dropbox/PhD Thesis/preprocessor systems/projects/cherokee-1.2.103/_cppstats_featurelocations/downloader_async.h.xml,CHEROKEE_ASYNC_DOWNLOADER__H;CHEROKEE_COMPILATION;CHEROKEE_INSIDE_CHEROKEE_H
/Users/tassiovale/Dropbox/PhD Thesis/preprocessor systems/projects/cherokee-1.2.103/_cppstats_featurelocations/dtm.c.xml,DTM_LEN_GMTTM_STR;HAVE_SYS_TIME_H
/Users/tassiovale/Dropbox/PhD Thesis/preprocessor systems/projects/cherokee-1.2.103/_cppstats_featurelocations/dtm.h.xml,CHEROKEE_COMPILATION;CHEROKEE_DTM_H;CHEROKEE_INSIDE_CHEROKEE_H
/Users/tassiovale/Dropbox/PhD Thesis/preprocessor systems/projects/cherokee-1.2.103/_cppstats_featurelocations/dwriter.c.xml,
/Users/tassiovale/Dropbox/PhD Thesis/preprocessor systems/projects/cherokee-1.2.103/_cppstats_featurelocations/dwriter.h.xml,CHEROKEE_COMPILATION;CHEROKEE_DATA_WRITER_H;CHEROKEE_INSIDE_CHEROKEE_H
/Users/tassiovale/Dropbox/PhD Thesis/preprocessor systems/projects/cherokee-1.2.103/_cppstats_featurelocations/encoder.c.xml,
/Users/tassiovale/Dropbox/PhD Thesis/preprocessor systems/projects/cherokee-1.2.103/_cppstats_featurelocations/encoder.h.xml,CHEROKEE_COMPILATION;CHEROKEE_ENCODER_H;CHEROKEE_INSIDE_CHEROKEE_H
/Users/tassiovale/Dropbox/PhD Thesis/preprocessor systems/projects/cherokee-1.2.103/_cppstats_featurelocations/encoder_deflate.c.xml,
/Users/tassiovale/Dropbox/PhD Thesis/preprocessor systems/projects/cherokee-1.2.103/_cppstats_featurelocations/encoder_deflate.h.xml,CHEROKEE_ENCODE_DEFLATE_H
/Users/tassiovale/Dropbox/PhD Thesis/preprocessor systems/projects/cherokee-1.2.103/_cppstats_featurelocations/encoder_gzip.c.xml,
/Users/tassiovale/Dropbox/PhD Thesis/preprocessor systems/projects/cherokee-1.2.103/_cppstats_featurelocations/encoder_gzip.h.xml,CHEROKEE_ENCODE_GZIP_H
/Users/tassiovale/Dropbox/PhD Thesis/preprocessor systems/projects/cherokee-1.2.103/_cppstats_featurelocations/error_log.c.xml,BACKTRACES_ENABLED
/Users/tassiovale/Dropbox/PhD Thesis/preprocessor systems/projects/cherokee-1.2.103/_cppstats_featurelocations/error_log.h.xml,CHEROKEE_COMPILATION;CHEROKEE_ERROR_LOG_H;CHEROKEE_INSIDE_CHEROKEE_H;__GNUC__;__SUNPRO_C
/Users/tassiovale/Dropbox/PhD Thesis/preprocessor systems/projects/cherokee-1.2.103/_cppstats_featurelocations/fastcgi.h.xml,_FASTCGI_H
/Users/tassiovale/Dropbox/PhD Thesis/preprocessor systems/projects/cherokee-1.2.103/_cppstats_featurelocations/fdpoll-epoll.c.xml,
/Users/tassiovale/Dropbox/PhD Thesis/preprocessor systems/projects/cherokee-1.2.103/_cppstats_featurelocations/fdpoll-kqueue.c.xml,
/Users/tassiovale/Dropbox/PhD Thesis/preprocessor systems/projects/cherokee-1.2.103/_cppstats_featurelocations/fdpoll-poll.c.xml,
/Users/tassiovale/Dropbox/PhD Thesis/preprocessor systems/projects/cherokee-1.2.103/_cppstats_featurelocations/fdpoll-port.c.xml,
/Users/tassiovale/Dropbox/PhD Thesis/preprocessor systems/projects/cherokee-1.2.103/_cppstats_featurelocations/fdpoll-protected.h.xml,CHEROKEE_FDPOLL_PROTECTED_H
/Users/tassiovale/Dropbox/PhD Thesis/preprocessor systems/projects/cherokee-1.2.103/_cppstats_featurelocations/fdpoll-select.c.xml,HAVE_SYS_SELECT_H;HAVE_SYS_TIME_H;INFTIM
/Users/tassiovale/Dropbox/PhD Thesis/preprocessor systems/projects/cherokee-1.2.103/_cppstats_featurelocations/fdpoll.c.xml,HAVE_EPOLL;HAVE_KQUEUE;HAVE_POLL;HAVE_PORT;HAVE_SELECT;TRACE_ENABLED
/Users/tassiovale/Dropbox/PhD Thesis/preprocessor systems/projects/cherokee-1.2.103/_cppstats_featurelocations/fdpoll.h.xml,CHEROKEE_COMPILATION;CHEROKEE_FDPOLL_H;CHEROKEE_INSIDE_CHEROKEE_H
/Users/tassiovale/Dropbox/PhD Thesis/preprocessor systems/projects/cherokee-1.2.103/_cppstats_featurelocations/flcache.c.xml,
/Users/tassiovale/Dropbox/PhD Thesis/preprocessor systems/projects/cherokee-1.2.103/_cppstats_featurelocations/flcache.h.xml,CHEROKEE_COMPILATION;CHEROKEE_FLCACHE_H;CHEROKEE_INSIDE_CHEROKEE_H
/Users/tassiovale/Dropbox/PhD Thesis/preprocessor systems/projects/cherokee-1.2.103/_cppstats_featurelocations/gen_evhost.c.xml,
/Users/tassiovale/Dropbox/PhD Thesis/preprocessor systems/projects/cherokee-1.2.103/_cppstats_featurelocations/gen_evhost.h.xml,CHEROKEE_COMPILATION;CHEROKEE_INSIDE_CHEROKEE_H;CHEROKEE_VRULE_EVHOST_H
/Users/tassiovale/Dropbox/PhD Thesis/preprocessor systems/projects/cherokee-1.2.103/_cppstats_featurelocations/getopt/getopt.c.xml,
/Users/tassiovale/Dropbox/PhD Thesis/preprocessor systems/projects/cherokee-1.2.103/_cppstats_featurelocations/getopt/getopt.h.xml,_GETOPT_H;__GNU_LIBRARY__;__cplusplus;__need_getopt
/Users/tassiovale/Dropbox/PhD Thesis/preprocessor systems/projects/cherokee-1.2.103/_cppstats_featurelocations/getopt/getopt1.c.xml,
/Users/tassiovale/Dropbox/PhD Thesis/preprocessor systems/projects/cherokee-1.2.103/_cppstats_featurelocations/getopt/gettext.h.xml,ENABLE_NLS;_LIBGETTEXT_H;__sun
/Users/tassiovale/Dropbox/PhD Thesis/preprocessor systems/projects/cherokee-1.2.103/_cppstats_featurelocations/handler.c.xml,
/Users/tassiovale/Dropbox/PhD Thesis/preprocessor systems/projects/cherokee-1.2.103/_cppstats_featurelocations/handler.h.xml,CHEROKEE_COMPILATION;CHEROKEE_HANDLER_H;CHEROKEE_INSIDE_CHEROKEE_H
/Users/tassiovale/Dropbox/PhD Thesis/preprocessor systems/projects/cherokee-1.2.103/_cppstats_featurelocations/handler_admin.c.xml,
/Users/tassiovale/Dropbox/PhD Thesis/preprocessor systems/projects/cherokee-1.2.103/_cppstats_featurelocations/handler_admin.h.xml,CHEROKEE_ADMIN_HANDLER_H
/Users/tassiovale/Dropbox/PhD Thesis/preprocessor systems/projects/cherokee-1.2.103/_cppstats_featurelocations/handler_cgi.c.xml,HAVE_STDARG_H;HAVE_SYS_WAIT_H;TRACE_ENABLED
/Users/tassiovale/Dropbox/PhD Thesis/preprocessor systems/projects/cherokee-1.2.103/_cppstats_featurelocations/handler_cgi.h.xml,CHEROKEE_HANDLER_CGI_H
/Users/tassiovale/Dropbox/PhD Thesis/preprocessor systems/projects/cherokee-1.2.103/_cppstats_featurelocations/handler_cgi_base.c.xml,
/Users/tassiovale/Dropbox/PhD Thesis/preprocessor systems/projects/cherokee-1.2.103/_cppstats_featurelocations/handler_cgi_base.h.xml,CHEROKEE_HANDLER_CGI_BASE_H;SUPPORT_XSENDFILE
/Users/tassiovale/Dropbox/PhD Thesis/preprocessor systems/projects/cherokee-1.2.103/_cppstats_featurelocations/handler_common.c.xml,HAVE_STRINGS_H;HAVE_SYS_TYPES_H
/Users/tassiovale/Dropbox/PhD Thesis/preprocessor systems/projects/cherokee-1.2.103/_cppstats_featurelocations/handler_common.h.xml,CHEROKEE_HANDLER_COMMON_H
/Users/tassiovale/Dropbox/PhD Thesis/preprocessor systems/projects/cherokee-1.2.103/_cppstats_featurelocations/handler_custom_error.c.xml,
/Users/tassiovale/Dropbox/PhD Thesis/preprocessor systems/projects/cherokee-1.2.103/_cppstats_featurelocations/handler_custom_error.h.xml,CHEROKEE_HANDLER_CUSTOM_ERROR_H
/Users/tassiovale/Dropbox/PhD Thesis/preprocessor systems/projects/cherokee-1.2.103/_cppstats_featurelocations/handler_dbslayer.c.xml,
/Users/tassiovale/Dropbox/PhD Thesis/preprocessor systems/projects/cherokee-1.2.103/_cppstats_featurelocations/handler_dbslayer.h.xml,CHEROKEE_HANDLER_DBSLAYER_H
/Users/tassiovale/Dropbox/PhD Thesis/preprocessor systems/projects/cherokee-1.2.103/_cppstats_featurelocations/handler_dirlist.c.xml,HAVE_GRP_H;HAVE_PWD_H;_PC_NAME_MAX
/Users/tassiovale/Dropbox/PhD Thesis/preprocessor systems/projects/cherokee-1.2.103/_cppstats_featurelocations/handler_dirlist.h.xml,CHEROKEE_DIRLIST_HANDLER_H
/Users/tassiovale/Dropbox/PhD Thesis/preprocessor systems/projects/cherokee-1.2.103/_cppstats_featurelocations/handler_drop.c.xml,
/Users/tassiovale/Dropbox/PhD Thesis/preprocessor systems/projects/cherokee-1.2.103/_cppstats_featurelocations/handler_drop.h.xml,CHEROKEE_HANDLER_DROP_H
/Users/tassiovale/Dropbox/PhD Thesis/preprocessor systems/projects/cherokee-1.2.103/_cppstats_featurelocations/handler_empty_gif.c.xml,
/Users/tassiovale/Dropbox/PhD Thesis/preprocessor systems/projects/cherokee-1.2.103/_cppstats_featurelocations/handler_empty_gif.h.xml,CHEROKEE_HANDLER_EMPTY_GIF_H
/Users/tassiovale/Dropbox/PhD Thesis/preprocessor systems/projects/cherokee-1.2.103/_cppstats_featurelocations/handler_error.c.xml,
/Users/tassiovale/Dropbox/PhD Thesis/preprocessor systems/projects/cherokee-1.2.103/_cppstats_featurelocations/handler_error.h.xml,CHEROKEE_HANDLER_ERROR_H
/Users/tassiovale/Dropbox/PhD Thesis/preprocessor systems/projects/cherokee-1.2.103/_cppstats_featurelocations/handler_error_nn.c.xml,
/Users/tassiovale/Dropbox/PhD Thesis/preprocessor systems/projects/cherokee-1.2.103/_cppstats_featurelocations/handler_error_nn.h.xml,CHEROKEE_HANDLER_ERROR_NN_H
/Users/tassiovale/Dropbox/PhD Thesis/preprocessor systems/projects/cherokee-1.2.103/_cppstats_featurelocations/handler_error_redir.c.xml,
/Users/tassiovale/Dropbox/PhD Thesis/preprocessor systems/projects/cherokee-1.2.103/_cppstats_featurelocations/handler_error_redir.h.xml,CHEROKEE_HANDLER_ERROR_REDIR_H
/Users/tassiovale/Dropbox/PhD Thesis/preprocessor systems/projects/cherokee-1.2.103/_cppstats_featurelocations/handler_fcgi.c.xml,TRACE_ENABLED
/Users/tassiovale/Dropbox/PhD Thesis/preprocessor systems/projects/cherokee-1.2.103/_cppstats_featurelocations/handler_fcgi.h.xml,CHEROKEE_HANDLER_FCGI_H
/Users/tassiovale/Dropbox/PhD Thesis/preprocessor systems/projects/cherokee-1.2.103/_cppstats_featurelocations/handler_file.c.xml,WITH_SENDFILE
/Users/tassiovale/Dropbox/PhD Thesis/preprocessor systems/projects/cherokee-1.2.103/_cppstats_featurelocations/handler_file.h.xml,CHEROKEE_HANDLER_FILE_H
/Users/tassiovale/Dropbox/PhD Thesis/preprocessor systems/projects/cherokee-1.2.103/_cppstats_featurelocations/handler_post_report.c.xml,
/Users/tassiovale/Dropbox/PhD Thesis/preprocessor systems/projects/cherokee-1.2.103/_cppstats_featurelocations/handler_post_report.h.xml,CHEROKEE_HANDLER_POST_REPORT_H
/Users/tassiovale/Dropbox/PhD Thesis/preprocessor systems/projects/cherokee-1.2.103/_cppstats_featurelocations/handler_proxy.c.xml,
/Users/tassiovale/Dropbox/PhD Thesis/preprocessor systems/projects/cherokee-1.2.103/_cppstats_featurelocations/handler_proxy.h.xml,CHEROKEE_HANDLER_PROXY_H
/Users/tassiovale/Dropbox/PhD Thesis/preprocessor systems/projects/cherokee-1.2.103/_cppstats_featurelocations/handler_redir.c.xml,
/Users/tassiovale/Dropbox/PhD Thesis/preprocessor systems/projects/cherokee-1.2.103/_cppstats_featurelocations/handler_redir.h.xml,CHEROKEE_HANDLER_REDIR_H
/Users/tassiovale/Dropbox/PhD Thesis/preprocessor systems/projects/cherokee-1.2.103/_cppstats_featurelocations/handler_render_rrd.c.xml,
/Users/tassiovale/Dropbox/PhD Thesis/preprocessor systems/projects/cherokee-1.2.103/_cppstats_featurelocations/handler_render_rrd.h.xml,CHEROKEE_HANDLER_RENDER_RRD_H
/Users/tassiovale/Dropbox/PhD Thesis/preprocessor systems/projects/cherokee-1.2.103/_cppstats_featurelocations/handler_scgi.c.xml,TRACE_ENABLED
/Users/tassiovale/Dropbox/PhD Thesis/preprocessor systems/projects/cherokee-1.2.103/_cppstats_featurelocations/handler_scgi.h.xml,CHEROKEE_HANDLER_SCGI_H
/Users/tassiovale/Dropbox/PhD Thesis/preprocessor systems/projects/cherokee-1.2.103/_cppstats_featurelocations/handler_secdownload.c.xml,TRACE_ENABLED
/Users/tassiovale/Dropbox/PhD Thesis/preprocessor systems/projects/cherokee-1.2.103/_cppstats_featurelocations/handler_secdownload.h.xml,CHEROKEE_HANDLER_SECDOWNLOAD_H
/Users/tassiovale/Dropbox/PhD Thesis/preprocessor systems/projects/cherokee-1.2.103/_cppstats_featurelocations/handler_server_info.c.xml,HAVE_SYS_UTSNAME;HAVE_SYS_UTSNAME_H
/Users/tassiovale/Dropbox/PhD Thesis/preprocessor systems/projects/cherokee-1.2.103/_cppstats_featurelocations/handler_server_info.h.xml,CHEROKEE_HANDLER_SERVER_INFO_H
/Users/tassiovale/Dropbox/PhD Thesis/preprocessor systems/projects/cherokee-1.2.103/_cppstats_featurelocations/handler_ssi.c.xml,
/Users/tassiovale/Dropbox/PhD Thesis/preprocessor systems/projects/cherokee-1.2.103/_cppstats_featurelocations/handler_ssi.h.xml,CHEROKEE_HANDLER_SSI_H
/Users/tassiovale/Dropbox/PhD Thesis/preprocessor systems/projects/cherokee-1.2.103/_cppstats_featurelocations/handler_streaming.c.xml,HAVE_PTHREAD
/Users/tassiovale/Dropbox/PhD Thesis/preprocessor systems/projects/cherokee-1.2.103/_cppstats_featurelocations/handler_streaming.h.xml,CHEROKEE_HANDLER_STREAMING_H;USE_FFMPEG
/Users/tassiovale/Dropbox/PhD Thesis/preprocessor systems/projects/cherokee-1.2.103/_cppstats_featurelocations/handler_uwsgi.c.xml,BIG_ENDIAN;BYTE_ORDER
/Users/tassiovale/Dropbox/PhD Thesis/preprocessor systems/projects/cherokee-1.2.103/_cppstats_featurelocations/handler_uwsgi.h.xml,CHEROKEE_HANDLER_UWSGI_H
/Users/tassiovale/Dropbox/PhD Thesis/preprocessor systems/projects/cherokee-1.2.103/_cppstats_featurelocations/header-protected.h.xml,CHEROKEE_HEADER_H
/Users/tassiovale/Dropbox/PhD Thesis/preprocessor systems/projects/cherokee-1.2.103/_cppstats_featurelocations/header.c.xml,HAVE_STRINGS_H;HAVE_STRING_H;HEADER_INTERNAL_DEBUG
/Users/tassiovale/Dropbox/PhD Thesis/preprocessor systems/projects/cherokee-1.2.103/_cppstats_featurelocations/header.h.xml,CHEROKEE_COMPILATION;CHEROKEE_HEADER_PROTECTED_H;CHEROKEE_INSIDE_CHEROKEE_H
/Users/tassiovale/Dropbox/PhD Thesis/preprocessor systems/projects/cherokee-1.2.103/_cppstats_featurelocations/header_op.c.xml,
/Users/tassiovale/Dropbox/PhD Thesis/preprocessor systems/projects/cherokee-1.2.103/_cppstats_featurelocations/header_op.h.xml,CHEROKEE_COMPILATION;CHEROKEE_HEADER_OP_H;CHEROKEE_INSIDE_CHEROKEE_H
/Users/tassiovale/Dropbox/PhD Thesis/preprocessor systems/projects/cherokee-1.2.103/_cppstats_featurelocations/http.c.xml,
/Users/tassiovale/Dropbox/PhD Thesis/preprocessor systems/projects/cherokee-1.2.103/_cppstats_featurelocations/http.h.xml,CHEROKEE_COMPILATION;CHEROKEE_HTTP_H;CHEROKEE_INSIDE_CHEROKEE_H
/Users/tassiovale/Dropbox/PhD Thesis/preprocessor systems/projects/cherokee-1.2.103/_cppstats_featurelocations/human_strcmp.c.xml,
/Users/tassiovale/Dropbox/PhD Thesis/preprocessor systems/projects/cherokee-1.2.103/_cppstats_featurelocations/human_strcmp.h.xml,CHEROKEE_COMPILATION;CHEROKEE_HUMAN_STRCMP_H;CHEROKEE_INSIDE_CHEROKEE_H
/Users/tassiovale/Dropbox/PhD Thesis/preprocessor systems/projects/cherokee-1.2.103/_cppstats_featurelocations/icons.c.xml,
/Users/tassiovale/Dropbox/PhD Thesis/preprocessor systems/projects/cherokee-1.2.103/_cppstats_featurelocations/icons.h.xml,CHEROKEE_ICONS_H
/Users/tassiovale/Dropbox/PhD Thesis/preprocessor systems/projects/cherokee-1.2.103/_cppstats_featurelocations/info.c.xml,HAVE_EPOLL;HAVE_IPV6;HAVE_KQUEUE;HAVE_OPENSSL;HAVE_POLL;HAVE_PORT;HAVE_PTHREAD;HAVE_SELECT;HAVE_SYSLOG;OPENSSL_NO_TLSEXT;TRACE_ENABLED;WITH_SENDFILE
/Users/tassiovale/Dropbox/PhD Thesis/preprocessor systems/projects/cherokee-1.2.103/_cppstats_featurelocations/info.h.xml,CHEROKEE_COMPILATION;CHEROKEE_INFO_H;CHEROKEE_INSIDE_CHEROKEE_H
/Users/tassiovale/Dropbox/PhD Thesis/preprocessor systems/projects/cherokee-1.2.103/_cppstats_featurelocations/init.c.xml,
/Users/tassiovale/Dropbox/PhD Thesis/preprocessor systems/projects/cherokee-1.2.103/_cppstats_featurelocations/init.h.xml,CHEROKEE_COMPILATION;CHEROKEE_INIT_H;CHEROKEE_INSIDE_CHEROKEE_H
/Users/tassiovale/Dropbox/PhD Thesis/preprocessor systems/projects/cherokee-1.2.103/_cppstats_featurelocations/iocache.c.xml,HAVE_FCNTL_H;HAVE_PTHREAD;HAVE_SYS_MMAN_H;MAP_FILE;O_BINARY
/Users/tassiovale/Dropbox/PhD Thesis/preprocessor systems/projects/cherokee-1.2.103/_cppstats_featurelocations/iocache.h.xml,CHEROKEE_COMPILATION;CHEROKEE_INSIDE_CHEROKEE_H;CHEROKEE_IOCACHE_H
/Users/tassiovale/Dropbox/PhD Thesis/preprocessor systems/projects/cherokee-1.2.103/_cppstats_featurelocations/levenshtein_distance.c.xml,
/Users/tassiovale/Dropbox/PhD Thesis/preprocessor systems/projects/cherokee-1.2.103/_cppstats_featurelocations/levenshtein_distance.h.xml,__levenshtein_distance_h__
/Users/tassiovale/Dropbox/PhD Thesis/preprocessor systems/projects/cherokee-1.2.103/_cppstats_featurelocations/limiter.c.xml,
/Users/tassiovale/Dropbox/PhD Thesis/preprocessor systems/projects/cherokee-1.2.103/_cppstats_featurelocations/limiter.h.xml,CHEROKEE_LIMITER_H
/Users/tassiovale/Dropbox/PhD Thesis/preprocessor systems/projects/cherokee-1.2.103/_cppstats_featurelocations/list.c.xml,
/Users/tassiovale/Dropbox/PhD Thesis/preprocessor systems/projects/cherokee-1.2.103/_cppstats_featurelocations/list.h.xml,CHEROKEE_COMPILATION;CHEROKEE_INSIDE_CHEROKEE_H;CHEROKEE_LIST_H
/Users/tassiovale/Dropbox/PhD Thesis/preprocessor systems/projects/cherokee-1.2.103/_cppstats_featurelocations/logger-protected.h.xml,CHEROKEE_SERVER_PROTECTED_H
/Users/tassiovale/Dropbox/PhD Thesis/preprocessor systems/projects/cherokee-1.2.103/_cppstats_featurelocations/logger.c.xml,
/Users/tassiovale/Dropbox/PhD Thesis/preprocessor systems/projects/cherokee-1.2.103/_cppstats_featurelocations/logger.h.xml,CHEROKEE_COMPILATION;CHEROKEE_INSIDE_CHEROKEE_H;CHEROKEE_LOGGER_H
/Users/tassiovale/Dropbox/PhD Thesis/preprocessor systems/projects/cherokee-1.2.103/_cppstats_featurelocations/logger_combined.c.xml,
/Users/tassiovale/Dropbox/PhD Thesis/preprocessor systems/projects/cherokee-1.2.103/_cppstats_featurelocations/logger_combined.h.xml,CHEROKEE_LOGGER_COMBINED_H
/Users/tassiovale/Dropbox/PhD Thesis/preprocessor systems/projects/cherokee-1.2.103/_cppstats_featurelocations/logger_custom.c.xml,
/Users/tassiovale/Dropbox/PhD Thesis/preprocessor systems/projects/cherokee-1.2.103/_cppstats_featurelocations/logger_custom.h.xml,CHEROKEE_LOGGER_CUSTOM_H
/Users/tassiovale/Dropbox/PhD Thesis/preprocessor systems/projects/cherokee-1.2.103/_cppstats_featurelocations/logger_ncsa.c.xml,HAVE_SYS_TIME_H
/Users/tassiovale/Dropbox/PhD Thesis/preprocessor systems/projects/cherokee-1.2.103/_cppstats_featurelocations/logger_ncsa.h.xml,CHEROKEE_LOGGER_NCSA_H
/Users/tassiovale/Dropbox/PhD Thesis/preprocessor systems/projects/cherokee-1.2.103/_cppstats_featurelocations/logger_writer.c.xml,HAVE_FORK;HAVE_SYSLOG_H
/Users/tassiovale/Dropbox/PhD Thesis/preprocessor systems/projects/cherokee-1.2.103/_cppstats_featurelocations/logger_writer.h.xml,CHEROKEE_COMPILATION;CHEROKEE_INSIDE_CHEROKEE_H;CHEROKEE_LOGGER_WRITER_H
/Users/tassiovale/Dropbox/PhD Thesis/preprocessor systems/projects/cherokee-1.2.103/_cppstats_featurelocations/macros.h.xml,CHEROKEE_COMPILATION;CHEROKEE_INSIDE_CHEROKEE_H;CHEROKEE_MACROS_H;DEBUG;FALSE;FD_NUM_MIN_AVAILABLE;FD_NUM_MIN_PER_THREAD;FD_NUM_MIN_SYSTEM;FD_NUM_SPARE;HAVE_VA_LIST_AS_ARRAY;MAX;MIN;NULL;SIZEOF_OFF_T;SIZEOF_SIZE_T;SIZEOF_UNSIGNED_INT;SIZEOF_UNSIGNED_LONG;SIZEOF_UNSIGNED_LONG_LONG;TRACE_ENABLED;TRUE;__GNUC_VERSION;__GNUC__;__OPTIMIZE__;__SUNPRO_C;__cplusplus;__va_copy;va_copy
/Users/tassiovale/Dropbox/PhD Thesis/preprocessor systems/projects/cherokee-1.2.103/_cppstats_featurelocations/main.c.xml,DEBUG;HAVE_GETOPT_LONG;HAVE_SEMUN;HAVE_SYSV_SEMAPHORES;NSIG
/Users/tassiovale/Dropbox/PhD Thesis/preprocessor systems/projects/cherokee-1.2.103/_cppstats_featurelocations/main_admin.c.xml,HAVE_GETOPT_LONG;HAVE_SYS_WAIT_H
/Users/tassiovale/Dropbox/PhD Thesis/preprocessor systems/projects/cherokee-1.2.103/_cppstats_featurelocations/main_worker.c.xml,HAVE_GETOPT_LONG;HAVE_SYS_WAIT_H;SIGBUS
/Users/tassiovale/Dropbox/PhD Thesis/preprocessor systems/projects/cherokee-1.2.103/_cppstats_featurelocations/match.c.xml,
/Users/tassiovale/Dropbox/PhD Thesis/preprocessor systems/projects/cherokee-1.2.103/_cppstats_featurelocations/match.h.xml,CHEROKEE_COMPILATION;CHEROKEE_INSIDE_CHEROKEE_H;CHEROKEE_MATCH
/Users/tassiovale/Dropbox/PhD Thesis/preprocessor systems/projects/cherokee-1.2.103/_cppstats_featurelocations/md5.c.xml,ASM_MD5;WORDS_BIGENDIAN
/Users/tassiovale/Dropbox/PhD Thesis/preprocessor systems/projects/cherokee-1.2.103/_cppstats_featurelocations/md5.h.xml,MD5_H
/Users/tassiovale/Dropbox/PhD Thesis/preprocessor systems/projects/cherokee-1.2.103/_cppstats_featurelocations/md5crypt.c.xml,
/Users/tassiovale/Dropbox/PhD Thesis/preprocessor systems/projects/cherokee-1.2.103/_cppstats_featurelocations/md5crypt.h.xml,CHEROKEE_MD5CRYPT_H
/Users/tassiovale/Dropbox/PhD Thesis/preprocessor systems/projects/cherokee-1.2.103/_cppstats_featurelocations/mime-protected.h.xml,CHEROKEE_MIME_PROTECTED_H
/Users/tassiovale/Dropbox/PhD Thesis/preprocessor systems/projects/cherokee-1.2.103/_cppstats_featurelocations/mime.c.xml,
/Users/tassiovale/Dropbox/PhD Thesis/preprocessor systems/projects/cherokee-1.2.103/_cppstats_featurelocations/mime.h.xml,CHEROKEE_COMPILATION;CHEROKEE_INSIDE_CHEROKEE_H;CHEROKEE_MIME_H
/Users/tassiovale/Dropbox/PhD Thesis/preprocessor systems/projects/cherokee-1.2.103/_cppstats_featurelocations/mime_entry.c.xml,
/Users/tassiovale/Dropbox/PhD Thesis/preprocessor systems/projects/cherokee-1.2.103/_cppstats_featurelocations/mime_entry.h.xml,CHEROKEE_COMPILATION;CHEROKEE_INSIDE_CHEROKEE_H;CHEROKEE_MIME_ENTRY_H
/Users/tassiovale/Dropbox/PhD Thesis/preprocessor systems/projects/cherokee-1.2.103/_cppstats_featurelocations/module.c.xml,
/Users/tassiovale/Dropbox/PhD Thesis/preprocessor systems/projects/cherokee-1.2.103/_cppstats_featurelocations/module.h.xml,CHEROKEE_COMPILATION;CHEROKEE_INSIDE_CHEROKEE_H;CHEROKEE_MODULE_H
/Users/tassiovale/Dropbox/PhD Thesis/preprocessor systems/projects/cherokee-1.2.103/_cppstats_featurelocations/ncpus.c.xml,_SC_NPROCESSORS_ONLN;_SC_NPROC_ONLN;__APPLE__;__FreeBSD__;__GNUC__;__NetBSD__;__OpenBSD__;__VOS__;__hpux;__hpux__
/Users/tassiovale/Dropbox/PhD Thesis/preprocessor systems/projects/cherokee-1.2.103/_cppstats_featurelocations/ncpus.h.xml,__CHEROKEE_NCPUS_H__
/Users/tassiovale/Dropbox/PhD Thesis/preprocessor systems/projects/cherokee-1.2.103/_cppstats_featurelocations/nonce.c.xml,
/Users/tassiovale/Dropbox/PhD Thesis/preprocessor systems/projects/cherokee-1.2.103/_cppstats_featurelocations/nonce.h.xml,CHEROKEE_COMPILATION;CHEROKEE_INSIDE_CHEROKEE_H;CHEROKEE_NONCE_TABLE_H
/Users/tassiovale/Dropbox/PhD Thesis/preprocessor systems/projects/cherokee-1.2.103/_cppstats_featurelocations/nullable.h.xml,CHEROKEE_COMPILATION;CHEROKEE_INSIDE_CHEROKEE_H;CHEROKEE_NULLABLE_H
/Users/tassiovale/Dropbox/PhD Thesis/preprocessor systems/projects/cherokee-1.2.103/_cppstats_featurelocations/pcre/local_config.h.xml,
/Users/tassiovale/Dropbox/PhD Thesis/preprocessor systems/projects/cherokee-1.2.103/_cppstats_featurelocations/pcre/pcre.h.xml,PCRECPP_EXP_DECL;PCRECPP_EXP_DEFN;PCRE_EXP_DECL;PCRE_SPTR;PCRE_STATIC;VPCOMPAT;_PCRE_H;_WIN32;__cplusplus
/Users/tassiovale/Dropbox/PhD Thesis/preprocessor systems/projects/cherokee-1.2.103/_cppstats_featurelocations/pcre/pcre_chartables.c.xml,
/Users/tassiovale/Dropbox/PhD Thesis/preprocessor systems/projects/cherokee-1.2.103/_cppstats_featurelocations/pcre/pcre_compile.c.xml,DEBUG;EBCDIC;SUPPORT_UCP;SUPPORT_UTF8
/Users/tassiovale/Dropbox/PhD Thesis/preprocessor systems/projects/cherokee-1.2.103/_cppstats_featurelocations/pcre/pcre_exec.c.xml,DEBUG;NO_RECURSE;SUPPORT_UCP;SUPPORT_UTF8
/Users/tassiovale/Dropbox/PhD Thesis/preprocessor systems/projects/cherokee-1.2.103/_cppstats_featurelocations/pcre/pcre_fullinfo.c.xml,
/Users/tassiovale/Dropbox/PhD Thesis/preprocessor systems/projects/cherokee-1.2.103/_cppstats_featurelocations/pcre/pcre_get.c.xml,
/Users/tassiovale/Dropbox/PhD Thesis/preprocessor systems/projects/cherokee-1.2.103/_cppstats_featurelocations/pcre/pcre_globals.c.xml,VPCOMPAT
/Users/tassiovale/Dropbox/PhD Thesis/preprocessor systems/projects/cherokee-1.2.103/_cppstats_featurelocations/pcre/pcre_internal.h.xml,CUSTOM_SUBJECT_PTR;DEBUG;ESC_e;ESC_f;ESC_n;ESC_r;ESC_tee;HAVE_BCOPY;HAVE_MEMMOVE;LINK_SIZE;PCRE_EXP_DATA_DEFN;PCRE_EXP_DECL;PCRE_EXP_DEFN;PCRE_INTERNAL_H;PCRE_STATIC;SUPPORT_UTF8;UINT_MAX;ULONG_MAX;USHRT_MAX;VPCOMPAT;_WIN32;__cplusplus;offsetof
/Users/tassiovale/Dropbox/PhD Thesis/preprocessor systems/projects/cherokee-1.2.103/_cppstats_featurelocations/pcre/pcre_newline.c.xml,SUPPORT_UTF8
/Users/tassiovale/Dropbox/PhD Thesis/preprocessor systems/projects/cherokee-1.2.103/_cppstats_featurelocations/pcre/pcre_tables.c.xml,SUPPORT_UTF8
/Users/tassiovale/Dropbox/PhD Thesis/preprocessor systems/projects/cherokee-1.2.103/_cppstats_featurelocations/pcre/pcre_try_flipped.c.xml,
/Users/tassiovale/Dropbox/PhD Thesis/preprocessor systems/projects/cherokee-1.2.103/_cppstats_featurelocations/pcre/ucp.h.xml,_UCP_H
/Users/tassiovale/Dropbox/PhD Thesis/preprocessor systems/projects/cherokee-1.2.103/_cppstats_featurelocations/plugin.h.xml,CHEROKEE_COMPILATION;CHEROKEE_INSIDE_CHEROKEE_H;CHEROKEE_PLUGIN_H
/Users/tassiovale/Dropbox/PhD Thesis/preprocessor systems/projects/cherokee-1.2.103/_cppstats_featurelocations/plugin_loader.c.xml,HAVE_DLFCN_H;HAVE_PTHREAD;HAVE_RTLDGLOBAL;HAVE_RTLDNOW
/Users/tassiovale/Dropbox/PhD Thesis/preprocessor systems/projects/cherokee-1.2.103/_cppstats_featurelocations/plugin_loader.h.xml,CHEROKEE_COMPILATION;CHEROKEE_INSIDE_CHEROKEE_H;CHEROKEE_PLUGIN_LOADER_H
/Users/tassiovale/Dropbox/PhD Thesis/preprocessor systems/projects/cherokee-1.2.103/_cppstats_featurelocations/post.c.xml,
/Users/tassiovale/Dropbox/PhD Thesis/preprocessor systems/projects/cherokee-1.2.103/_cppstats_featurelocations/post.h.xml,CHEROKEE_POST_H
/Users/tassiovale/Dropbox/PhD Thesis/preprocessor systems/projects/cherokee-1.2.103/_cppstats_featurelocations/post_track.c.xml,
/Users/tassiovale/Dropbox/PhD Thesis/preprocessor systems/projects/cherokee-1.2.103/_cppstats_featurelocations/post_track.h.xml,CHEROKEE_POST_TRACK_H
/Users/tassiovale/Dropbox/PhD Thesis/preprocessor systems/projects/cherokee-1.2.103/_cppstats_featurelocations/proxy_hosts.c.xml,TRACE_ENABLED
/Users/tassiovale/Dropbox/PhD Thesis/preprocessor systems/projects/cherokee-1.2.103/_cppstats_featurelocations/proxy_hosts.h.xml,CHEROKEE_HANDLER_PROXY_HOST_H
/Users/tassiovale/Dropbox/PhD Thesis/preprocessor systems/projects/cherokee-1.2.103/_cppstats_featurelocations/regex.c.xml,
/Users/tassiovale/Dropbox/PhD Thesis/preprocessor systems/projects/cherokee-1.2.103/_cppstats_featurelocations/regex.h.xml,CHEROKEE_COMPILATION;CHEROKEE_INSIDE_CHEROKEE_H;CHEROKEE_REGEX_TABLE_H
/Users/tassiovale/Dropbox/PhD Thesis/preprocessor systems/projects/cherokee-1.2.103/_cppstats_featurelocations/request.c.xml,
/Users/tassiovale/Dropbox/PhD Thesis/preprocessor systems/projects/cherokee-1.2.103/_cppstats_featurelocations/request.h.xml,CHEROKEE_REQUEST_H
/Users/tassiovale/Dropbox/PhD Thesis/preprocessor systems/projects/cherokee-1.2.103/_cppstats_featurelocations/resolv_cache.c.xml,
/Users/tassiovale/Dropbox/PhD Thesis/preprocessor systems/projects/cherokee-1.2.103/_cppstats_featurelocations/resolv_cache.h.xml,CHEROKEE_COMPILATION;CHEROKEE_INSIDE_CHEROKEE_H;CHEROKEE_RESOLV_CACHE_H
/Users/tassiovale/Dropbox/PhD Thesis/preprocessor systems/projects/cherokee-1.2.103/_cppstats_featurelocations/rrd_tools.c.xml,HAVE_FORK
/Users/tassiovale/Dropbox/PhD Thesis/preprocessor systems/projects/cherokee-1.2.103/_cppstats_featurelocations/rrd_tools.h.xml,CHEROKEE_RRD_TOOLS_H
/Users/tassiovale/Dropbox/PhD Thesis/preprocessor systems/projects/cherokee-1.2.103/_cppstats_featurelocations/rule.c.xml,
/Users/tassiovale/Dropbox/PhD Thesis/preprocessor systems/projects/cherokee-1.2.103/_cppstats_featurelocations/rule.h.xml,CHEROKEE_COMPILATION;CHEROKEE_INSIDE_CHEROKEE_H;CHEROKEE_RULE_H
/Users/tassiovale/Dropbox/PhD Thesis/preprocessor systems/projects/cherokee-1.2.103/_cppstats_featurelocations/rule_and.c.xml,
/Users/tassiovale/Dropbox/PhD Thesis/preprocessor systems/projects/cherokee-1.2.103/_cppstats_featurelocations/rule_and.h.xml,CHEROKEE_COMPILATION;CHEROKEE_INSIDE_CHEROKEE_H;CHEROKEE_RULE_AND_H
/Users/tassiovale/Dropbox/PhD Thesis/preprocessor systems/projects/cherokee-1.2.103/_cppstats_featurelocations/rule_bind.c.xml,
/Users/tassiovale/Dropbox/PhD Thesis/preprocessor systems/projects/cherokee-1.2.103/_cppstats_featurelocations/rule_bind.h.xml,CHEROKEE_COMPILATION;CHEROKEE_INSIDE_CHEROKEE_H;CHEROKEE_RULE_BIND_H
/Users/tassiovale/Dropbox/PhD Thesis/preprocessor systems/projects/cherokee-1.2.103/_cppstats_featurelocations/rule_default.c.xml,
/Users/tassiovale/Dropbox/PhD Thesis/preprocessor systems/projects/cherokee-1.2.103/_cppstats_featurelocations/rule_default.h.xml,CHEROKEE_COMPILATION;CHEROKEE_INSIDE_CHEROKEE_H;CHEROKEE_RULE_DEFAULT_H
/Users/tassiovale/Dropbox/PhD Thesis/preprocessor systems/projects/cherokee-1.2.103/_cppstats_featurelocations/rule_directory.c.xml,
/Users/tassiovale/Dropbox/PhD Thesis/preprocessor systems/projects/cherokee-1.2.103/_cppstats_featurelocations/rule_directory.h.xml,CHEROKEE_COMPILATION;CHEROKEE_INSIDE_CHEROKEE_H;CHEROKEE_RULE_DIR_H
/Users/tassiovale/Dropbox/PhD Thesis/preprocessor systems/projects/cherokee-1.2.103/_cppstats_featurelocations/rule_exists.c.xml,
/Users/tassiovale/Dropbox/PhD Thesis/preprocessor systems/projects/cherokee-1.2.103/_cppstats_featurelocations/rule_exists.h.xml,CHEROKEE_COMPILATION;CHEROKEE_INSIDE_CHEROKEE_H;CHEROKEE_RULE_EXISTS_H
/Users/tassiovale/Dropbox/PhD Thesis/preprocessor systems/projects/cherokee-1.2.103/_cppstats_featurelocations/rule_extensions.c.xml,
/Users/tassiovale/Dropbox/PhD Thesis/preprocessor systems/projects/cherokee-1.2.103/_cppstats_featurelocations/rule_extensions.h.xml,CHEROKEE_COMPILATION;CHEROKEE_INSIDE_CHEROKEE_H;CHEROKEE_RULE_EXTS_H
/Users/tassiovale/Dropbox/PhD Thesis/preprocessor systems/projects/cherokee-1.2.103/_cppstats_featurelocations/rule_from.c.xml,
/Users/tassiovale/Dropbox/PhD Thesis/preprocessor systems/projects/cherokee-1.2.103/_cppstats_featurelocations/rule_from.h.xml,CHEROKEE_COMPILATION;CHEROKEE_INSIDE_CHEROKEE_H;CHEROKEE_RULE_FROM_H
/Users/tassiovale/Dropbox/PhD Thesis/preprocessor systems/projects/cherokee-1.2.103/_cppstats_featurelocations/rule_fullpath.c.xml,
/Users/tassiovale/Dropbox/PhD Thesis/preprocessor systems/projects/cherokee-1.2.103/_cppstats_featurelocations/rule_fullpath.h.xml,CHEROKEE_COMPILATION;CHEROKEE_INSIDE_CHEROKEE_H;CHEROKEE_RULE_FULL_PATH_H
/Users/tassiovale/Dropbox/PhD Thesis/preprocessor systems/projects/cherokee-1.2.103/_cppstats_featurelocations/rule_geoip.c.xml,
/Users/tassiovale/Dropbox/PhD Thesis/preprocessor systems/projects/cherokee-1.2.103/_cppstats_featurelocations/rule_geoip.h.xml,CHEROKEE_COMPILATION;CHEROKEE_INSIDE_CHEROKEE_H;CHEROKEE_RULE_GEOIP_H
/Users/tassiovale/Dropbox/PhD Thesis/preprocessor systems/projects/cherokee-1.2.103/_cppstats_featurelocations/rule_header.c.xml,
/Users/tassiovale/Dropbox/PhD Thesis/preprocessor systems/projects/cherokee-1.2.103/_cppstats_featurelocations/rule_header.h.xml,CHEROKEE_COMPILATION;CHEROKEE_INSIDE_CHEROKEE_H;CHEROKEE_RULE_HEADER_H
/Users/tassiovale/Dropbox/PhD Thesis/preprocessor systems/projects/cherokee-1.2.103/_cppstats_featurelocations/rule_list.c.xml,TRACE_ENABLED
/Users/tassiovale/Dropbox/PhD Thesis/preprocessor systems/projects/cherokee-1.2.103/_cppstats_featurelocations/rule_list.h.xml,CHEROKEE_COMPILATION;CHEROKEE_INSIDE_CHEROKEE_H;CHEROKEE_RULE_LIST_H
/Users/tassiovale/Dropbox/PhD Thesis/preprocessor systems/projects/cherokee-1.2.103/_cppstats_featurelocations/rule_method.c.xml,
/Users/tassiovale/Dropbox/PhD Thesis/preprocessor systems/projects/cherokee-1.2.103/_cppstats_featurelocations/rule_method.h.xml,CHEROKEE_COMPILATION;CHEROKEE_INSIDE_CHEROKEE_H;CHEROKEE_RULE_METHOD_H
/Users/tassiovale/Dropbox/PhD Thesis/preprocessor systems/projects/cherokee-1.2.103/_cppstats_featurelocations/rule_not.c.xml,
/Users/tassiovale/Dropbox/PhD Thesis/preprocessor systems/projects/cherokee-1.2.103/_cppstats_featurelocations/rule_not.h.xml,CHEROKEE_COMPILATION;CHEROKEE_INSIDE_CHEROKEE_H;CHEROKEE_RULE_NOT_H
/Users/tassiovale/Dropbox/PhD Thesis/preprocessor systems/projects/cherokee-1.2.103/_cppstats_featurelocations/rule_or.c.xml,
/Users/tassiovale/Dropbox/PhD Thesis/preprocessor systems/projects/cherokee-1.2.103/_cppstats_featurelocations/rule_or.h.xml,CHEROKEE_COMPILATION;CHEROKEE_INSIDE_CHEROKEE_H;CHEROKEE_RULE_OR_H
/Users/tassiovale/Dropbox/PhD Thesis/preprocessor systems/projects/cherokee-1.2.103/_cppstats_featurelocations/rule_request.c.xml,
/Users/tassiovale/Dropbox/PhD Thesis/preprocessor systems/projects/cherokee-1.2.103/_cppstats_featurelocations/rule_request.h.xml,CHEROKEE_COMPILATION;CHEROKEE_INSIDE_CHEROKEE_H;CHEROKEE_RULE_REQS_H
/Users/tassiovale/Dropbox/PhD Thesis/preprocessor systems/projects/cherokee-1.2.103/_cppstats_featurelocations/rule_tls.c.xml,
/Users/tassiovale/Dropbox/PhD Thesis/preprocessor systems/projects/cherokee-1.2.103/_cppstats_featurelocations/rule_tls.h.xml,CHEROKEE_COMPILATION;CHEROKEE_INSIDE_CHEROKEE_H;CHEROKEE_RULE_TLS_H
/Users/tassiovale/Dropbox/PhD Thesis/preprocessor systems/projects/cherokee-1.2.103/_cppstats_featurelocations/rule_url_arg.c.xml,
/Users/tassiovale/Dropbox/PhD Thesis/preprocessor systems/projects/cherokee-1.2.103/_cppstats_featurelocations/rule_url_arg.h.xml,CHEROKEE_COMPILATION;CHEROKEE_INSIDE_CHEROKEE_H;CHEROKEE_RULE_URL_ARG_H
/Users/tassiovale/Dropbox/PhD Thesis/preprocessor systems/projects/cherokee-1.2.103/_cppstats_featurelocations/server-protected.h.xml,CHEROKEE_SERVER_PROTECTED_H;HAVE_SYS_TIME_H;HAVE_SYS_TYPES_H;HAVE_UNISTD_H
/Users/tassiovale/Dropbox/PhD Thesis/preprocessor systems/projects/cherokee-1.2.103/_cppstats_featurelocations/server.c.xml,HAVE_ARPA_INET_H;HAVE_GRP_H;HAVE_IPV6;HAVE_NETINET_IN_H;HAVE_NETINET_TCP_H;HAVE_PTHREAD;HAVE_PWD_H;HAVE_SYS_IOCTL_H;HAVE_SYS_SOCKET_H;HAVE_SYS_WAIT_H;TRACE_ENABLED;WEXITSTATUS
/Users/tassiovale/Dropbox/PhD Thesis/preprocessor systems/projects/cherokee-1.2.103/_cppstats_featurelocations/server.h.xml,CHEROKEE_COMPILATION;CHEROKEE_INSIDE_CHEROKEE_H;CHEROKEE_SERVER_H
/Users/tassiovale/Dropbox/PhD Thesis/preprocessor systems/projects/cherokee-1.2.103/_cppstats_featurelocations/services-client.c.xml,
/Users/tassiovale/Dropbox/PhD Thesis/preprocessor systems/projects/cherokee-1.2.103/_cppstats_featurelocations/services-common.c.xml,
/Users/tassiovale/Dropbox/PhD Thesis/preprocessor systems/projects/cherokee-1.2.103/_cppstats_featurelocations/services-server.c.xml,
/Users/tassiovale/Dropbox/PhD Thesis/preprocessor systems/projects/cherokee-1.2.103/_cppstats_featurelocations/services.h.xml,CHEROKEE_COMPILATION;CHEROKEE_INSIDE_CHEROKEE_H;CHEROKEE_SERVICES_H
/Users/tassiovale/Dropbox/PhD Thesis/preprocessor systems/projects/cherokee-1.2.103/_cppstats_featurelocations/sha1.c.xml,BYTE_ORDER;SHA_VERSION;SWAP_DONE;UNRAVEL;UNROLL_LOOPS
/Users/tassiovale/Dropbox/PhD Thesis/preprocessor systems/projects/cherokee-1.2.103/_cppstats_featurelocations/sha1.h.xml,CHEROKEE_SHA1
/Users/tassiovale/Dropbox/PhD Thesis/preprocessor systems/projects/cherokee-1.2.103/_cppstats_featurelocations/sha512.c.xml,WORDS_BIGENDIAN;_CRAY
/Users/tassiovale/Dropbox/PhD Thesis/preprocessor systems/projects/cherokee-1.2.103/_cppstats_featurelocations/sha512.h.xml,CHEROKEE_SHA512
/Users/tassiovale/Dropbox/PhD Thesis/preprocessor systems/projects/cherokee-1.2.103/_cppstats_featurelocations/shm.c.xml,HAVE_SYS_MMAN_H
/Users/tassiovale/Dropbox/PhD Thesis/preprocessor systems/projects/cherokee-1.2.103/_cppstats_featurelocations/shm.h.xml,CHEROKEE_COMPILATION;CHEROKEE_INSIDE_CHEROKEE_H;CHEROKEE_SHM_H
/Users/tassiovale/Dropbox/PhD Thesis/preprocessor systems/projects/cherokee-1.2.103/_cppstats_featurelocations/socket.c.xml,DARWIN_SENDFILE_API;EAGAIN;ENOTCONN;EWOULDBLOCK;FREEBSD_SENDFILE_API;HAVE_INET_PTON;HAVE_IPV6;HAVE_NETDB_H;HAVE_NETINET_TCP_H;HAVE_SOCKADDR_UN;HAVE_SYS_FILIO_H;HAVE_SYS_IOCTL_H;HAVE_SYS_SOCKET_H;HAVE_SYS_SOCKIO_H;HAVE_SYS_TIME_H;HAVE_SYS_UIO_H;HPUX_SENDFILE_API;LINUX_BROKEN_SENDFILE_API;LINUX_SENDFILE_API;SOLARIS_SENDFILE_API;TCP_CORK
/Users/tassiovale/Dropbox/PhD Thesis/preprocessor systems/projects/cherokee-1.2.103/_cppstats_featurelocations/socket.h.xml,CHEROKEE_SOCKET_H;HAVE_SOCKADDR_IN6;HAVE_SOCKADDR_UN
/Users/tassiovale/Dropbox/PhD Thesis/preprocessor systems/projects/cherokee-1.2.103/_cppstats_featurelocations/socket_lowlevel.h.xml,AF_LOCAL;CHEROKEE_SOCKET_LOWLEVEL_H;HAVE_ARPA_INET_H;HAVE_NETINET_IN_H;HAVE_SYS_SOCKET_H;HAVE_SYS_TIME_H;INET6_ADDRSTRLEN;INET_ADDRSTRLEN;SUN_ABSTRACT_LEN;SUN_LEN
/Users/tassiovale/Dropbox/PhD Thesis/preprocessor systems/projects/cherokee-1.2.103/_cppstats_featurelocations/source.c.xml,TRACE_ENABLED
/Users/tassiovale/Dropbox/PhD Thesis/preprocessor systems/projects/cherokee-1.2.103/_cppstats_featurelocations/source.h.xml,CHEROKEE_COMPILATION;CHEROKEE_INSIDE_CHEROKEE_H;CHEROKEE_SOURCE_H
/Users/tassiovale/Dropbox/PhD Thesis/preprocessor systems/projects/cherokee-1.2.103/_cppstats_featurelocations/source_interpreter.c.xml,
/Users/tassiovale/Dropbox/PhD Thesis/preprocessor systems/projects/cherokee-1.2.103/_cppstats_featurelocations/source_interpreter.h.xml,CHEROKEE_SOURCE_INTERPRETER_H
/Users/tassiovale/Dropbox/PhD Thesis/preprocessor systems/projects/cherokee-1.2.103/_cppstats_featurelocations/template.c.xml,
/Users/tassiovale/Dropbox/PhD Thesis/preprocessor systems/projects/cherokee-1.2.103/_cppstats_featurelocations/template.h.xml,CHEROKEE_COMPILATION;CHEROKEE_INSIDE_CHEROKEE_H;CHEROKEE_TEMPLATE_H
/Users/tassiovale/Dropbox/PhD Thesis/preprocessor systems/projects/cherokee-1.2.103/_cppstats_featurelocations/thread.c.xml,HAVE_PTHREAD;HAVE_PTHREAD_SETSCHEDPOLICY;TRACE_ENABLED
/Users/tassiovale/Dropbox/PhD Thesis/preprocessor systems/projects/cherokee-1.2.103/_cppstats_featurelocations/thread.h.xml,CHEROKEE_THREAD_H;HAVE_PTHREAD;HAVE_PTHREAD_H
/Users/tassiovale/Dropbox/PhD Thesis/preprocessor systems/projects/cherokee-1.2.103/_cppstats_featurelocations/threading.c.xml,HAVE_PTHREAD;HAVE_PTHREAD_MUTEXATTR_SETKIND_NP;HAVE_PTHREAD_MUTEXATTR_SETTYPE
/Users/tassiovale/Dropbox/PhD Thesis/preprocessor systems/projects/cherokee-1.2.103/_cppstats_featurelocations/threading.h.xml,CHEROKEE_THREADING_H;HAVE_PTHREAD;HAVE_PTHREAD_MUTEXATTR_SETKIND_NP;HAVE_PTHREAD_MUTEXATTR_SETTYPE
/Users/tassiovale/Dropbox/PhD Thesis/preprocessor systems/projects/cherokee-1.2.103/_cppstats_featurelocations/trace.c.xml,HAVE_FLOCKFILE;HAVE_FUNLOCKFILE;HAVE_SYSLOG_H
/Users/tassiovale/Dropbox/PhD Thesis/preprocessor systems/projects/cherokee-1.2.103/_cppstats_featurelocations/trace.h.xml,CHEROKEE_COMPILATION;CHEROKEE_INSIDE_CHEROKEE_H;CHEROKEE_TRACE_H
/Users/tassiovale/Dropbox/PhD Thesis/preprocessor systems/projects/cherokee-1.2.103/_cppstats_featurelocations/url.c.xml,HAVE_NETINET_IN_H
/Users/tassiovale/Dropbox/PhD Thesis/preprocessor systems/projects/cherokee-1.2.103/_cppstats_featurelocations/url.h.xml,CHEROKEE_COMPILATION;CHEROKEE_INSIDE_CHEROKEE_H;CHEROKEE_URL_H
/Users/tassiovale/Dropbox/PhD Thesis/preprocessor systems/projects/cherokee-1.2.103/_cppstats_featurelocations/util.c.xml,AI_ADDRCONFIG;FIONBIO;HAVE_BACKTRACE;HAVE_EXECINFO_H;HAVE_GETDTABLESIZE;HAVE_GETGRGID_R;HAVE_GETGRGID_R_4;HAVE_GETGRGID_R_5;HAVE_GETGRNAM_R;HAVE_GETGRNAM_R_4;HAVE_GETGRNAM_R_5;HAVE_GETHOSTNAME;HAVE_GETPWNAM_R;HAVE_GETPWNAM_R_4;HAVE_GETPWNAM_R_5;HAVE_GETPWUID_R;HAVE_GETPWUID_R_4;HAVE_GETPWUID_R_5;HAVE_GETRLIMIT;HAVE_GMTIME_R;HAVE_INET_NTOP;HAVE_INT_TIMEZONE;HAVE_IPV6;HAVE_LOCALTIME_R;HAVE_MALLOC;HAVE_NETDB_H;HAVE_NETINET_IN_H;HAVE_NETINET_TCP_H;HAVE_PTHREAD;HAVE_RANDOM;HAVE_READDIR;HAVE_READDIR_R;HAVE_READDIR_R_2;HAVE_READDIR_R_3;HAVE_RESOURCE_H;HAVE_SRANDOM;HAVE_SRANDOMDEV;HAVE_STRCASESTR;HAVE_STRLCAT;HAVE_STRNSTR;HAVE_STRSEP;HAVE_STRUCT_TM_GMTOFF;HAVE_SYSLOG_H;HAVE_SYS_FILIO_H;HAVE_SYS_IOCTL_H;HAVE_SYS_RESOURCE_H;HAVE_SYS_SOCKET_H;HAVE_SYS_TIME_H;HAVE_SYS_UTSNAME_H;HAVE_SYS_WAIT_H;HAVE_UNAME;HOST_NAME_MAX;NSIG;OPEN_MAX;_POSIX_PTHREAD_SEMANTICS
/Users/tassiovale/Dropbox/PhD Thesis/preprocessor systems/projects/cherokee-1.2.103/_cppstats_featurelocations/util.h.xml,CHEROKEE_COMPILATION;CHEROKEE_INSIDE_CHEROKEE_H;CHEROKEE_UTIL_H;HAVE_ARPA_INET_H;HAVE_GRP_H;HAVE_MALLOC;HAVE_NETINET_IN_H;HAVE_PWD_H;HAVE_STRCASESTR;HAVE_STRLCAT;HAVE_STRNSTR;HAVE_SYS_UIO_H
/Users/tassiovale/Dropbox/PhD Thesis/preprocessor systems/projects/cherokee-1.2.103/_cppstats_featurelocations/validator.c.xml,
/Users/tassiovale/Dropbox/PhD Thesis/preprocessor systems/projects/cherokee-1.2.103/_cppstats_featurelocations/validator.h.xml,CHEROKEE_COMPILATION;CHEROKEE_INSIDE_CHEROKEE_H;CHEROKEE_VALIDATOR_H
/Users/tassiovale/Dropbox/PhD Thesis/preprocessor systems/projects/cherokee-1.2.103/_cppstats_featurelocations/validator_authlist.c.xml,
/Users/tassiovale/Dropbox/PhD Thesis/preprocessor systems/projects/cherokee-1.2.103/_cppstats_featurelocations/validator_authlist.h.xml,CHEROKEE_VALIDATOR_AUTHLIST_H
/Users/tassiovale/Dropbox/PhD Thesis/preprocessor systems/projects/cherokee-1.2.103/_cppstats_featurelocations/validator_file.c.xml,
/Users/tassiovale/Dropbox/PhD Thesis/preprocessor systems/projects/cherokee-1.2.103/_cppstats_featurelocations/validator_file.h.xml,CHEROKEE_VALIDATOR_FILE_H
/Users/tassiovale/Dropbox/PhD Thesis/preprocessor systems/projects/cherokee-1.2.103/_cppstats_featurelocations/validator_htdigest.c.xml,
/Users/tassiovale/Dropbox/PhD Thesis/preprocessor systems/projects/cherokee-1.2.103/_cppstats_featurelocations/validator_htdigest.h.xml,CHEROKEE_VALIDATOR_HTDIGEST_H
/Users/tassiovale/Dropbox/PhD Thesis/preprocessor systems/projects/cherokee-1.2.103/_cppstats_featurelocations/validator_htpasswd.c.xml,CRYPT_R_CRYPTD;CRYPT_R_STRUCT_CRYPT_DATA;HAVE_CRYPT_H;HAVE_CRYPT_R;HAVE_PTHREAD;USE_CRYPT_R_EMU
/Users/tassiovale/Dropbox/PhD Thesis/preprocessor systems/projects/cherokee-1.2.103/_cppstats_featurelocations/validator_htpasswd.h.xml,CHEROKEE_VALIDATOR_HTPASSWD_H
/Users/tassiovale/Dropbox/PhD Thesis/preprocessor systems/projects/cherokee-1.2.103/_cppstats_featurelocations/validator_ldap.c.xml,LDAP_HAVE_START_TLS_S;LDAP_OPT_SUCCESS;LDAP_OPT_X_TLS
/Users/tassiovale/Dropbox/PhD Thesis/preprocessor systems/projects/cherokee-1.2.103/_cppstats_featurelocations/validator_ldap.h.xml,CHEROKEE_VALIDATOR_LDAP_H;LDAP_DEPRECATED
/Users/tassiovale/Dropbox/PhD Thesis/preprocessor systems/projects/cherokee-1.2.103/_cppstats_featurelocations/validator_mysql.c.xml,
/Users/tassiovale/Dropbox/PhD Thesis/preprocessor systems/projects/cherokee-1.2.103/_cppstats_featurelocations/validator_mysql.h.xml,CHEROKEE_VALIDATOR_MYSQL_H
/Users/tassiovale/Dropbox/PhD Thesis/preprocessor systems/projects/cherokee-1.2.103/_cppstats_featurelocations/validator_pam.c.xml,HAVE_PAM_DISPATCH;HAVE_PAM_FAIL_DELAY
/Users/tassiovale/Dropbox/PhD Thesis/preprocessor systems/projects/cherokee-1.2.103/_cppstats_featurelocations/validator_pam.h.xml,CHEROKEE_VALIDATOR_PAM_H
/Users/tassiovale/Dropbox/PhD Thesis/preprocessor systems/projects/cherokee-1.2.103/_cppstats_featurelocations/validator_plain.c.xml,
/Users/tassiovale/Dropbox/PhD Thesis/preprocessor systems/projects/cherokee-1.2.103/_cppstats_featurelocations/validator_plain.h.xml,CHEROKEE_VALIDATOR_PLAIN_H
/Users/tassiovale/Dropbox/PhD Thesis/preprocessor systems/projects/cherokee-1.2.103/_cppstats_featurelocations/version.c.xml,
/Users/tassiovale/Dropbox/PhD Thesis/preprocessor systems/projects/cherokee-1.2.103/_cppstats_featurelocations/version.h.xml,CHEROKEE_COMPILATION;CHEROKEE_INSIDE_CHEROKEE_H;CHEROKEE_VERSION_H
/Users/tassiovale/Dropbox/PhD Thesis/preprocessor systems/projects/cherokee-1.2.103/_cppstats_featurelocations/virtual_server.c.xml,
/Users/tassiovale/Dropbox/PhD Thesis/preprocessor systems/projects/cherokee-1.2.103/_cppstats_featurelocations/virtual_server.h.xml,CHEROKEE_VIRTUAL_SERVER_H
/Users/tassiovale/Dropbox/PhD Thesis/preprocessor systems/projects/cherokee-1.2.103/_cppstats_featurelocations/vrule.c.xml,
/Users/tassiovale/Dropbox/PhD Thesis/preprocessor systems/projects/cherokee-1.2.103/_cppstats_featurelocations/vrule.h.xml,CHEROKEE_COMPILATION;CHEROKEE_INSIDE_CHEROKEE_H;CHEROKEE_VRULE_H
/Users/tassiovale/Dropbox/PhD Thesis/preprocessor systems/projects/cherokee-1.2.103/_cppstats_featurelocations/vrule_or.c.xml,
/Users/tassiovale/Dropbox/PhD Thesis/preprocessor systems/projects/cherokee-1.2.103/_cppstats_featurelocations/vrule_or.h.xml,CHEROKEE_COMPILATION;CHEROKEE_INSIDE_CHEROKEE_H;CHEROKEE_VRULE_OR_H
/Users/tassiovale/Dropbox/PhD Thesis/preprocessor systems/projects/cherokee-1.2.103/_cppstats_featurelocations/vrule_rehost.c.xml,
/Users/tassiovale/Dropbox/PhD Thesis/preprocessor systems/projects/cherokee-1.2.103/_cppstats_featurelocations/vrule_rehost.h.xml,CHEROKEE_COMPILATION;CHEROKEE_INSIDE_CHEROKEE_H;CHEROKEE_VRULE_REHOST_H
/Users/tassiovale/Dropbox/PhD Thesis/preprocessor systems/projects/cherokee-1.2.103/_cppstats_featurelocations/vrule_target_ip.c.xml,
/Users/tassiovale/Dropbox/PhD Thesis/preprocessor systems/projects/cherokee-1.2.103/_cppstats_featurelocations/vrule_target_ip.h.xml,CHEROKEE_COMPILATION;CHEROKEE_INSIDE_CHEROKEE_H;CHEROKEE_VRULE_TARGET_IP_H
/Users/tassiovale/Dropbox/PhD Thesis/preprocessor systems/projects/cherokee-1.2.103/_cppstats_featurelocations/vrule_wildcard.c.xml,
/Users/tassiovale/Dropbox/PhD Thesis/preprocessor systems/projects/cherokee-1.2.103/_cppstats_featurelocations/vrule_wildcard.h.xml,CHEROKEE_COMPILATION;CHEROKEE_INSIDE_CHEROKEE_H;CHEROKEE_VRULE_WILDCARD_H
/Users/tassiovale/Dropbox/PhD Thesis/preprocessor systems/projects/cherokee-1.2.103/_cppstats_featurelocations/xrealip.c.xml,
/Users/tassiovale/Dropbox/PhD Thesis/preprocessor systems/projects/cherokee-1.2.103/_cppstats_featurelocations/xrealip.h.xml,CHEROKEE_COMPILATION;CHEROKEE_INSIDE_CHEROKEE_H;CHEROKEE_X_REAL_IP_H
/Users/tassiovale/Dropbox/PhD Thesis/preprocessor systems/projects/cherokee-1.2.103/_cppstats_featurelocations/zlib/deflate.c.xml,DEBUG_ZLIB;MAXSEG_64K;MAX_MATCH;MIN_MATCH;TOO_FAR;UNALIGNED_OK;USE_DICT_HEAD
/Users/tassiovale/Dropbox/PhD Thesis/preprocessor systems/projects/cherokee-1.2.103/_cppstats_featurelocations/zlib/deftree.c.xml,DEBUG_ZLIB;DUMP_BL_TREE;FORCE_STATIC;FORCE_STORED;FORCE_STORED_FILE;STORED_FILE_OK;max
/Users/tassiovale/Dropbox/PhD Thesis/preprocessor systems/projects/cherokee-1.2.103/_cppstats_featurelocations/zlib/defutil.h.xml,DEBUG_ZLIB
/Users/tassiovale/Dropbox/PhD Thesis/preprocessor systems/projects/cherokee-1.2.103/_cppstats_featurelocations/zlib/zconf.h.xml,MAX_MEM_LEVEL;MAX_WBITS;_ZCONF_H
/Users/tassiovale/Dropbox/PhD Thesis/preprocessor systems/projects/cherokee-1.2.103/_cppstats_featurelocations/zlib/zlib.h.xml,NO_DUMMY_DECL;_ZLIB_H;_Z_UTIL_H
/Users/tassiovale/Dropbox/PhD Thesis/preprocessor systems/projects/cherokee-1.2.103/_cppstats_featurelocations/zlib/zutil.h.xml,DEF_WBITS;MAX_MEM_LEVEL;OS_CODE;_Z_UTIL_H
